<?xml version="1.0" encoding="UTF-8"?>

<Appointment xmlns="http://hl7.org/fhir">
  <id value="76adaeb4-4885-4aa6-96c1-13b9df9a61d7"/>
  <meta>
    <profile value="https://interoperabilidad.minsal.cl/fhir/ig/quirurgico/StructureDefinition/AppointmentAgendarLE"/>
  </meta>
  <text>
    <status value="extensions"/><div xmlns="http://www.w3.org/1999/xhtml"><p class="res-header-id"><b>Generated Narrative: Appointment 76adaeb4-4885-4aa6-96c1-13b9df9a61d7</b></p><a name="76adaeb4-4885-4aa6-96c1-13b9df9a61d7"> </a><a name="hc76adaeb4-4885-4aa6-96c1-13b9df9a61d7"> </a><a name="76adaeb4-4885-4aa6-96c1-13b9df9a61d7-es-CL"> </a><p><b>Medio de Contacto</b>: <span title="Codes:{https://interoperabilidad.minsal.cl/fhir/ig/quirurgico/CodeSystem/CSMediodeContacto 3}">Llamada</span></p><blockquote><p><b>Extension ContactadoLE</b></p><ul><li>Contactado: true</li></ul></blockquote><p><b>identifier</b>: CITA-20241027-001</p><p><b>status</b>: Booked</p><p><b>serviceType</b>: <span title="Codes:{https://interoperabilidad.minsal.cl/fhir/ig/quirurgico/CodeSystem/CSTipoServicioAgendamiento 1}">Entrevista Pre Quirúrgica</span></p><p><b>start</b>: 2024-10-27 10:00:00-0400</p><p><b>end</b>: 2024-10-27 10:30:00-0400</p><p><b>created</b>: 2024-10-25 14:00:00-0400</p><p><b>basedOn</b>: <a href="ServiceRequest-38a17703-0731-4c3f-88fd-1202dc99d7ce.html">ServiceRequest Lung</a></p><blockquote><p><b>participant</b></p><p><b>actor</b>: <a href="Patient-22e862c5-6d96-44ec-869c-dba001058cb3.html">Juan Pérez (official) Male, DoB: 1980-01-01 ( RUN: 4444444-4)</a></p><p><b>status</b>: Accepted</p></blockquote><blockquote><p><b>participant</b></p><p><b>actor</b>: <a href="PractitionerRole-0e5c9353-5f8e-4801-b7fc-59395f14344c.html">PractitionerRole Entrevistador</a></p><p><b>status</b>: Accepted</p></blockquote></div>
  </text>
  <extension url="https://interoperabilidad.minsal.cl/fhir/ig/quirurgico/StructureDefinition/ExtensionMediodeContacto">
    <valueCodeableConcept>
      <coding>
        <system value="https://interoperabilidad.minsal.cl/fhir/ig/quirurgico/CodeSystem/CSMediodeContacto"/>
        <code value="3"/>
        <display value="Llamada"/>
      </coding>
    </valueCodeableConcept>
  </extension>
  <extension url="https://interoperabilidad.minsal.cl/fhir/ig/quirurgico/StructureDefinition/Contactado">
    <extension url="Contactado">
      <valueBoolean value="true"/>
    </extension>
  </extension>
  <identifier>
    <value value="CITA-20241027-001"/>
  </identifier>
  <status value="booked"/>
  <serviceType>
    <coding>
      <system value="https://interoperabilidad.minsal.cl/fhir/ig/quirurgico/CodeSystem/CSTipoServicioAgendamiento"/>
      <code value="1"/>
      <display value="Entrevista Pre Quirúrgica"/>
    </coding>
  </serviceType>
  <start value="2024-10-27T10:00:00-04:00"/>
  <end value="2024-10-27T10:30:00-04:00"/>
  <created value="2024-10-25T14:00:00-04:00"/>
  <basedOn>
    <reference value="ServiceRequest/38a17703-0731-4c3f-88fd-1202dc99d7ce"/>
  </basedOn>
  <participant>
    <actor>
      <reference value="Patient/22e862c5-6d96-44ec-869c-dba001058cb3"/>
      <type value="Patient"/>
    </actor>
    <status value="accepted"/>
  </participant>
  <participant>
    <actor>
      <reference value="PractitionerRole/0e5c9353-5f8e-4801-b7fc-59395f14344c"/>
      <type value="PractitionerRole"/>
    </actor>
    <status value="accepted"/>
  </participant>
</Appointment>