<?xml version="1.0" encoding="UTF-8"?>

<CodeSystem xmlns="http://hl7.org/fhir">
  <id value="CSPractitionerTipoRolLE"/>
  <text>
    <status value="generated"/><div xmlns="http://www.w3.org/1999/xhtml"><p class="res-header-id"><b>Generated Narrative: CodeSystem CSPractitionerTipoRolLE</b></p><a name="CSPractitionerTipoRolLE"> </a><a name="hcCSPractitionerTipoRolLE"> </a><a name="CSPractitionerTipoRolLE-es-CL"> </a><p>This case-sensitive code system <code>https://interoperabilidad.minsal.cl/fhir/ig/quirurgico/CodeSystem/CSPractitionerTipoRolLE</code> defines the following codes:</p><table class="codes"><tr><td style="white-space:nowrap"><b>Code</b></td><td><b>Display</b></td><td><b>Definition</b></td></tr><tr><td style="white-space:nowrap">indicador<a name="CSPractitionerTipoRolLE-indicador"> </a></td><td>Indicador</td><td>Médico cirujano u odontólogo con especialidad quirúrgica a cargo de realizar la indicación de cirugía, y la priorización. Actúa dentro del evento atender.</td></tr><tr><td style="white-space:nowrap">agendador<a name="CSPractitionerTipoRolLE-agendador"> </a></td><td>Agendador</td><td>Profesional de enfermería / clínico o técnico de la salud a cargo de realizar el agendamiento de la entrevista prequirúrgica.</td></tr><tr><td style="white-space:nowrap">entrevistador<a name="CSPractitionerTipoRolLE-entrevistador"> </a></td><td>Entrevistador</td><td>Profesional de enfermería o profesional clínico de la salud a cargo de realizar la encuesta prequirúrgica, exámenes prequirúrgicos, pases médicos cuando sean requeridos, así como realiza la indicación de los cuidados postoperatorios según el tipo de cirugía, definir si la cirugía será realizada en forma ambulatoria (CMA) o con el paciente hospitalizado (CMH) e informar al paciente de estas decisiones.</td></tr><tr><td style="white-space:nowrap">planificador<a name="CSPractitionerTipoRolLE-planificador"> </a></td><td>Planificador</td><td>En el caso del agendamiento de la tabla quirúrgica será realizado para el profesional de enfermería encargada de los pabellones.</td></tr><tr><td style="white-space:nowrap">atendedor<a name="CSPractitionerTipoRolLE-atendedor"> </a></td><td>Atendedor</td><td>Primer cirujano a cargo de realizar la cirugía y todos los procedimientos a realizarse en el proceso.</td></tr><tr><td style="white-space:nowrap">terminador<a name="CSPractitionerTipoRolLE-terminador"> </a></td><td>Terminador</td><td>Profesional Médico, no médico o administrativo a cargo de registrar la causal de egreso de la lista de espera quirúrgica.</td></tr></table></div>
  </text>
  <url value="https://interoperabilidad.minsal.cl/fhir/ig/quirurgico/CodeSystem/CSPractitionerTipoRolLE"/>
  <version value="0.1.0"/>
  <name value="CSPractitionerTipoRolLE"/>
  <title value="Rol de profesionales"/>
  <status value="active"/>
  <experimental value="false"/>
  <date value="2023-01-15"/>
  <publisher value="Unidad de Interoperabilidad - MINSAL"/>
  <contact>
    <name value="Unidad de Interoperabilidad - MINSAL"/>
    <telecom>
      <system value="url"/>
      <value value="https://interoperabilidad.minsal.cl"/>
    </telecom>
  </contact>
  <contact>
    <name value="Roberto Araneda"/>
    <telecom>
      <system value="email"/>
      <value value="roberto.araneda@chiledata.cl"/>
      <use value="work"/>
    </telecom>
  </contact>
  <contact>
    <name value="John Díaz"/>
    <telecom>
      <system value="email"/>
      <value value="john.diaz@chiledata.cl"/>
      <use value="work"/>
    </telecom>
  </contact>
  <description value="CodeSystem con códigos definidos para representar cada rol de profesional o funcionario administrativo dentro de la lista de espera quirúrgica"/>
  <jurisdiction>
    <coding>
      <system value="urn:iso:std:iso:3166"/>
      <code value="CL"/>
      <display value="Chile"/>
    </coding>
  </jurisdiction>
  <caseSensitive value="true"/>
  <content value="complete"/>
  <count value="6"/>
  <concept>
    <code value="indicador"/>
    <display value="Indicador"/>
    <definition value="Médico cirujano u odontólogo con especialidad quirúrgica a cargo de realizar la indicación de cirugía, y la priorización. Actúa dentro del evento atender."/>
  </concept>
  <concept>
    <code value="agendador"/>
    <display value="Agendador"/>
    <definition value="Profesional de enfermería / clínico o técnico de la salud a cargo de realizar el agendamiento de la entrevista prequirúrgica."/>
  </concept>
  <concept>
    <code value="entrevistador"/>
    <display value="Entrevistador"/>
    <definition value="Profesional de enfermería o profesional clínico de la salud a cargo de realizar la encuesta prequirúrgica, exámenes prequirúrgicos, pases médicos cuando sean requeridos, así como realiza la indicación de los cuidados postoperatorios según el tipo de cirugía, definir si la cirugía será realizada en forma ambulatoria (CMA) o con el paciente hospitalizado (CMH) e informar al paciente de estas decisiones."/>
  </concept>
  <concept>
    <code value="planificador"/>
    <display value="Planificador"/>
    <definition value="En el caso del agendamiento de la tabla quirúrgica será realizado para el profesional de enfermería encargada de los pabellones."/>
  </concept>
  <concept>
    <code value="atendedor"/>
    <display value="Atendedor"/>
    <definition value="Primer cirujano a cargo de realizar la cirugía y todos los procedimientos a realizarse en el proceso."/>
  </concept>
  <concept>
    <code value="terminador"/>
    <display value="Terminador"/>
    <definition value="Profesional Médico, no médico o administrativo a cargo de registrar la causal de egreso de la lista de espera quirúrgica."/>
  </concept>
</CodeSystem>