<?xml version="1.0" encoding="UTF-8"?>

<CodeSystem xmlns="http://hl7.org/fhir">
  <id value="CSModalidadAtencionCodigo"/>
  <text>
    <status value="generated"/><div xmlns="http://www.w3.org/1999/xhtml"><p class="res-header-id"><b>Generated Narrative: CodeSystem CSModalidadAtencionCodigo</b></p><a name="CSModalidadAtencionCodigo"> </a><a name="hcCSModalidadAtencionCodigo"> </a><a name="CSModalidadAtencionCodigo-es-CL"> </a><p>This case-sensitive code system <code>https://interoperabilidad.minsal.cl/fhir/ig/quirurgico/CodeSystem/CSModalidadAtencionCodigo</code> defines the following codes:</p><table class="codes"><tr><td style="white-space:nowrap"><b>Code</b></td><td><b>Display</b></td></tr><tr><td style="white-space:nowrap">1<a name="CSModalidadAtencionCodigo-1"> </a></td><td>Presencial</td></tr><tr><td style="white-space:nowrap">2<a name="CSModalidadAtencionCodigo-2"> </a></td><td>Remota</td></tr><tr><td style="white-space:nowrap">3<a name="CSModalidadAtencionCodigo-3"> </a></td><td>Telemedicina</td></tr></table></div>
  </text>
  <url value="https://interoperabilidad.minsal.cl/fhir/ig/quirurgico/CodeSystem/CSModalidadAtencionCodigo"/>
  <version value="0.1.0"/>
  <name value="CSModalidadAtencionCodigo"/>
  <title value="Modalidad Atencion Codigo"/>
  <status value="active"/>
  <experimental value="false"/>
  <date value="2023-01-15"/>
  <publisher value="Unidad de Interoperabilidad - MINSAL"/>
  <contact>
    <name value="Unidad de Interoperabilidad - MINSAL"/>
    <telecom>
      <system value="url"/>
      <value value="https://interoperabilidad.minsal.cl"/>
    </telecom>
  </contact>
  <contact>
    <name value="Roberto Araneda"/>
    <telecom>
      <system value="email"/>
      <value value="roberto.araneda@chiledata.cl"/>
      <use value="work"/>
    </telecom>
  </contact>
  <contact>
    <name value="John Díaz"/>
    <telecom>
      <system value="email"/>
      <value value="john.diaz@chiledata.cl"/>
      <use value="work"/>
    </telecom>
  </contact>
  <description value="Modalidad Atencion Codigo"/>
  <jurisdiction>
    <coding>
      <system value="urn:iso:std:iso:3166"/>
      <code value="CL"/>
      <display value="Chile"/>
    </coding>
  </jurisdiction>
  <caseSensitive value="true"/>
  <content value="complete"/>
  <count value="3"/>
  <concept>
    <code value="1"/>
    <display value="Presencial"/>
  </concept>
  <concept>
    <code value="2"/>
    <display value="Remota"/>
  </concept>
  <concept>
    <code value="3"/>
    <display value="Telemedicina"/>
  </concept>
</CodeSystem>