<?xml version="1.0" encoding="UTF-8"?>

<CodeSystem xmlns="http://hl7.org/fhir">
  <id value="CSMotivoNoContactabilidad"/>
  <text>
    <status value="generated"/><div xmlns="http://www.w3.org/1999/xhtml"><p class="res-header-id"><b>Generated Narrative: CodeSystem CSMotivoNoContactabilidad</b></p><a name="CSMotivoNoContactabilidad"> </a><a name="hcCSMotivoNoContactabilidad"> </a><a name="CSMotivoNoContactabilidad-es-CL"> </a><p>This case-sensitive code system <code>https://interoperabilidad.minsal.cl/fhir/ig/quirurgico/CodeSystem/CSMotivoNoContactabilidad</code> defines the following codes:</p><table class="codes"><tr><td style="white-space:nowrap"><b>Code</b></td><td><b>Display</b></td></tr><tr><td style="white-space:nowrap">1<a name="CSMotivoNoContactabilidad-1"> </a></td><td>No contesta teléfono.</td></tr><tr><td style="white-space:nowrap">2<a name="CSMotivoNoContactabilidad-2"> </a></td><td>No contesta correo</td></tr><tr><td style="white-space:nowrap">3<a name="CSMotivoNoContactabilidad-3"> </a></td><td>Datos de contactos incorrectos</td></tr><tr><td style="white-space:nowrap">4<a name="CSMotivoNoContactabilidad-4"> </a></td><td>Otro</td></tr></table></div>
  </text>
  <url value="https://interoperabilidad.minsal.cl/fhir/ig/quirurgico/CodeSystem/CSMotivoNoContactabilidad"/>
  <version value="0.1.0"/>
  <name value="CSMotivoNoContactabilidad"/>
  <title value="Motivo No Contactabilidad"/>
  <status value="active"/>
  <experimental value="false"/>
  <date value="2023-01-15"/>
  <publisher value="Unidad de Interoperabilidad - MINSAL"/>
  <contact>
    <name value="Unidad de Interoperabilidad - MINSAL"/>
    <telecom>
      <system value="url"/>
      <value value="https://interoperabilidad.minsal.cl"/>
    </telecom>
  </contact>
  <contact>
    <name value="Roberto Araneda"/>
    <telecom>
      <system value="email"/>
      <value value="roberto.araneda@chiledata.cl"/>
      <use value="work"/>
    </telecom>
  </contact>
  <contact>
    <name value="John Díaz"/>
    <telecom>
      <system value="email"/>
      <value value="john.diaz@chiledata.cl"/>
      <use value="work"/>
    </telecom>
  </contact>
  <description value="Motivo No Contactabilidad"/>
  <jurisdiction>
    <coding>
      <system value="urn:iso:std:iso:3166"/>
      <code value="CL"/>
      <display value="Chile"/>
    </coding>
  </jurisdiction>
  <caseSensitive value="true"/>
  <content value="complete"/>
  <count value="4"/>
  <concept>
    <code value="1"/>
    <display value="No contesta teléfono."/>
  </concept>
  <concept>
    <code value="2"/>
    <display value="No contesta correo"/>
  </concept>
  <concept>
    <code value="3"/>
    <display value="Datos de contactos incorrectos"/>
  </concept>
  <concept>
    <code value="4"/>
    <display value="Otro"/>
  </concept>
</CodeSystem>