<?xml version="1.0" encoding="UTF-8"?>

<PractitionerRole xmlns="http://hl7.org/fhir">
  <id value="96f2b566-b17b-4e4e-ada0-3986748990ee"/>
  <meta>
    <profile value="https://interoperabilidad.minsal.cl/fhir/ig/quirurgico/StructureDefinition/PractitionerRoleLE"/>
  </meta>
  <text>
    <status value="generated"/><div xmlns="http://www.w3.org/1999/xhtml"><p class="res-header-id"><b>Generated Narrative: PractitionerRole 96f2b566-b17b-4e4e-ada0-3986748990ee</b></p><a name="96f2b566-b17b-4e4e-ada0-3986748990ee"> </a><a name="hc96f2b566-b17b-4e4e-ada0-3986748990ee"> </a><a name="96f2b566-b17b-4e4e-ada0-3986748990ee-es-CL"> </a><p><b>practitioner</b>: <a href="Practitioner-fbb0e12c-95ec-43f7-bff1-73009b307cb5.html">Practitioner Maria Fernandez (official)</a></p><p><b>organization</b>: <a href="Organization-5491b8d5-e06c-4f89-beb7-75a1989cdc81.html">Organization Hospital Clínico Metropolitano La Florida Dra. Eloísa Díaz Insunza</a></p><p><b>code</b>: <span title="Codes:{https://interoperabilidad.minsal.cl/fhir/ig/quirurgico/CodeSystem/CSPractitionerTipoRolLE indicador}">Indicador</span></p></div>
  </text>
  <practitioner>
    <reference value="Practitioner/fbb0e12c-95ec-43f7-bff1-73009b307cb5"/>
  </practitioner>
  <organization>
    <reference value="Organization/5491b8d5-e06c-4f89-beb7-75a1989cdc81"/>
  </organization>
  <code>
    <coding>
      <system value="https://interoperabilidad.minsal.cl/fhir/ig/quirurgico/CodeSystem/CSPractitionerTipoRolLE"/>
      <code value="indicador"/>
    </coding>
  </code>
</PractitionerRole>