{
  "url" : "https://interoperabilidad.minsal.cl/fhir/ig/quirurgico/ImplementationGuide/hl7.fhir.cl.minsal.quirurgico",
  "name" : "ListadeEsperaQuirurgicaInteroperable",
  "title" : "Lista de Espera Quirúrgica Interoperable",
  "description" : "Guía de implementación para la interoperabilidad de la lista de espera Quirúrgica en Chile.",
  "status" : "draft",
  "package-id" : "hl7.fhir.cl.minsal.quirurgico",
  "ig-ver" : "0.1.0",
  "date" : "Mon, 10 Feb, 2025 09:30:37 -0300",
  "dateISO8601" : "2025-02-10T09:30:37-03:00",
  "errs" : 0,
  "warnings" : 11,
  "hints" : 2,
  "suppressed-hints" : 0,
  "suppressed-warnings" : 0,
  "version" : "4.0.1",
  "tool" : "5.0.0 (3)",
  "maxMemory" : 1812485608
}
